,CHOOSE_DX,dxONAngle,dON1,cIDON1,dON_patch_1,nTON,dON,dxOFFAngle,dOFF1,cIDOFF1,dOFF_patch_1,nTOFF,dOFF,SUCCESS,nExp,dual_point_id,subpoint_time_seconds,total_execution_time,logp,dOFF/dON,Vote dOFF>dON
0,along_decision_boundary,69.22716191448204,0.03563494925731256,[3 5],0.03563494925731256,1,0.03563494925731256,74.41101846159063,0.000344579730717466,[3 5],0.000344579730717466,1,0.000344579730717466,False,1,1,0.9821407794952393,1.327880620956421,0.0,0.009669712961545908,False
1,along_decision_boundary,87.71991936827746,0.06650951739765565,[3 6],0.06650951739765565,1,0.06650951739765565,86.4541881485343,0.09510299213550066,[3 6],0.09510299213550066,1,0.09510299213550066,True,2,2,0.783557653427124,2.121450901031494,-0.5,1.4299155347480073,True
2,along_decision_boundary,89.65217234112976,0.03734501112584468,[6 9],0.03734501112584468,1,0.03734501112584468,89.93095990578908,0.1782568398451264,[6 9],0.1782568398451264,1,0.1782568398451264,True,3,3,1.89784836769104,4.029289722442627,-0.0,4.773243720411251,True
3,along_decision_boundary,73.17228382077955,0.0014599421373683958,[3 4],0.0014599421373683958,1,0.0014599421373683958,81.27842808518986,0.02447899809107881,[3 4],0.02447899809107881,1,0.02447899809107881,True,4,4,0.7700099945068359,4.807266712188721,-0.16666666666666669,16.767101561438032,True
4,along_decision_boundary,84.52877199561397,0.10603803648058313,[0 1],0.10603803648058313,1,0.10603803648058313,89.10884962984537,0.030849450432206684,[0 1],0.030849450432206684,1,0.030849450432206684,False,5,5,0.9170262813568115,5.731481075286865,-0.5,0.29092815612306816,False
5,along_decision_boundary,87.01109159745992,0.09877533035524111,[6 9],0.09877533035524111,1,0.09877533035524111,82.2865711751137,0.0441902549265637,[6 9],0.0441902549265637,1,0.0441902549265637,False,6,6,0.7988882064819336,6.538326025009155,-0.09999999999999995,0.44738149462659754,False
6,along_decision_boundary,62.35157155453844,3.981405517114424e-05,[3 6],3.981405517114424e-05,1,3.981405517114424e-05,73.98728089658056,0.02275563310334756,[3 6],0.02275563310334756,1,0.02275563310334756,True,7,8,0.7099428176879883,8.036392450332642,-0.0,571.5477362336104,True
7,along_decision_boundary,54.365794279388865,0.21678305832688882,[3 7],0.21678305832688882,1,0.21678305832688882,64.60183287215311,0.01795636176738543,[3 7],0.01795636176738543,1,0.01795636176738543,False,8,9,1.3402061462402344,9.386046648025513,-0.07142857142857147,0.0828310196653324,False
8,along_decision_boundary,89.8200255870601,0.18390935514755263,[3 6],0.18390935514755263,1,0.18390935514755263,79.88990028813072,0.29351306816775785,[3 6],0.29351306816775785,1,0.29351306816775785,True,9,10,1.5124988555908203,10.903507232666016,-0.0,1.5959659470953442,True
9,along_decision_boundary,83.64894979328015,0.11329234156612444,[5 7],0.11329234156612444,1,0.11329234156612444,88.8641959846943,0.014521506433343725,[5 7],0.014521506433343725,1,0.014521506433343725,False,10,11,1.4833884239196777,12.395893335342407,-0.05555555555555561,0.12817729982982187,False
10,along_decision_boundary,86.72501799689019,0.21917705264980714,[5 6],0.21917705264980714,1,0.21917705264980714,82.83503348746017,0.08387149947482403,[5 6],0.08387149947482403,1,0.08387149947482403,False,11,12,1.0401010513305664,13.443971633911133,-0.0,0.3826655138429604,False
11,along_decision_boundary,81.21222283458434,0.0299051246038921,[4 7],0.0299051246038921,1,0.0299051246038921,79.95539975796427,0.00569847686035058,[4 7],0.00569847686035058,1,0.00569847686035058,False,12,13,0.6962170600891113,14.145124912261963,-0.045454545454545484,0.19055185142445227,False
12,along_decision_boundary,86.98995436243291,0.0010192997054398244,[1 9],0.0010192997054398244,1,0.0010192997054398244,83.95504452230394,0.002026866007166589,[1 9],0.002026866007166589,1,0.002026866007166589,True,13,14,0.8520755767822266,15.0041983127594,-0.1666666666666666,1.9884887598314405,True
13,along_decision_boundary,75.54103843723537,0.07728093779131485,[2 7],0.07728093779131485,1,0.07728093779131485,75.2148832403216,0.021288596076932193,[2 7],0.021288596076932193,1,0.021288596076932193,False,14,15,0.7612195014953613,15.773416757583618,-0.03846153846153841,0.27547020889444607,False
14,along_decision_boundary,74.46193975171654,0.0021963691162567665,[3 7],0.0021963691162567665,1,0.0021963691162567665,83.02774993504565,0.005900535522689657,[3 7],0.005900535522689657,1,0.005900535522689657,True,15,16,1.331972599029541,17.11328911781311,-0.14285714285714293,2.686495397798088,True
15,along_decision_boundary,78.2077307068608,0.07561835867316503,[3 6],0.07561835867316503,1,0.07561835867316503,74.13961523728108,0.18278917330486139,[3 6],0.18278917330486139,1,0.18278917330486139,True,16,18,1.6426866054534912,18.79956340789795,-0.03333333333333332,2.4172592014976972,True
16,along_decision_boundary,74.67153355218153,0.038320608602082425,[3 7],0.038320608602082425,1,0.038320608602082425,75.34508104029359,0.11897537581696602,[3 7],0.11897537581696602,1,0.11897537581696602,True,17,19,1.348623275756836,20.15620446205139,-0.0,3.1047360717152244,True
17,along_decision_boundary,84.59907260242367,0.08750896195947978,[4 6],0.08750896195947978,1,0.08750896195947978,85.41602597677303,0.03702540874299451,[4 6],0.03702540874299451,1,0.03702540874299451,False,18,20,1.6456341743469238,21.808789491653442,-0.029411764705882366,0.4231041931469691,False
18,along_decision_boundary,78.39948052165768,0.031447401314366824,[3 6],0.031447401314366824,1,0.031447401314366824,80.24003458997294,0.016802505841103644,[3 6],0.016802505841103644,1,0.016802505841103644,False,19,21,1.0162885189056396,22.830078840255737,-0.0,0.5343050662004105,False
19,along_decision_boundary,66.10142968532382,6.780782916694286e-06,[0 7],6.780782916694286e-06,1,6.780782916694286e-06,85.8785603045562,0.2646509737987446,[1 7],0.2646509737987446,1,0.2646509737987446,True,20,22,0.9436039924621582,23.781128406524658,-0.026315789473684265,39029.560015433315,True
20,along_decision_boundary,85.86906847942132,0.07682344697848836,[2 4],0.07682344697848836,1,0.07682344697848836,86.94415102913194,0.40326274864010414,[2 4],0.40326274864010414,1,0.40326274864010414,True,21,23,1.9206607341766357,25.709789991378784,-0.0,5.249214458614742,True
21,along_decision_boundary,87.61259151616244,0.0056315906400796825,[6 9],0.0056315906400796825,1,0.0056315906400796825,80.90207570032449,0.07638115127912037,[6 9],0.07638115127912037,1,0.07638115127912037,True,22,24,0.9107263088226318,26.6255145072937,-0.02380952380952386,13.56298001057116,True
22,along_decision_boundary,86.64890921236044,0.046627159642318165,[7 9],0.046627159642318165,1,0.046627159642318165,87.41170602307756,0.1518462630219687,[7 9],0.1518462630219687,1,0.1518462630219687,True,23,25,0.8851180076599121,27.515592336654663,-0.09090909090909097,3.2566054674313714,True
23,along_decision_boundary,72.76189129605868,0.05633127705892563,[8 9],0.05633127705892563,1,0.05633127705892563,79.99810282847154,0.008506927874293385,[8 9],0.008506927874293385,1,0.008506927874293385,False,24,28,0.7974326610565186,29.494471549987793,-0.19565217391304354,0.15101606635678913,False
24,along_decision_boundary,89.73143396309486,0.13210864214075005,[2 4],0.13210864214075005,1,0.13210864214075005,85.69361740704215,0.07142108442082859,[2 4],0.07142108442082859,1,0.07142108442082859,False,25,29,1.6196074485778809,31.122298002243042,-0.08333333333333341,0.5406238627805723,False
25,along_decision_boundary,77.12021601322206,0.019630893238038474,[8 9],0.019630893238038474,1,0.019630893238038474,79.84773489728116,0.029092075079268153,[8 9],0.029092075079268153,1,0.029092075079268153,True,26,30,0.8549895286560059,31.98328733444214,-0.020000000000000035,1.4819537107408285,True
26,along_decision_boundary,69.86285367289166,0.006077394801563271,[4 9],0.006077394801563271,1,0.006077394801563271,78.13445403539076,0.059719122932651705,[4 9],0.059719122932651705,1,0.059719122932651705,True,27,31,0.7793347835540771,32.769628286361694,-0.07692307692307682,9.82643466198548,True
27,along_decision_boundary,80.73515980398163,0.11648105124275485,[0 1],0.11648105124275485,1,0.11648105124275485,87.22677487718887,0.0685318030389703,[0 1],0.0685318030389703,1,0.0685318030389703,False,28,32,1.1310782432556152,33.906787395477295,-0.16666666666666682,0.5883515156138582,False
28,along_decision_boundary,76.83220463747651,0.04231589176544113,[3 5],0.04231589176544113,1,0.04231589176544113,81.08109002351955,0.007050418057653625,[3 5],0.007050418057653625,1,0.007050418057653625,False,29,33,0.9420907497406006,34.8534471988678,-0.07142857142857137,0.16661395432085907,False
29,along_decision_boundary,86.69961430003455,0.010667431850461371,[4 8],0.010667431850461371,1,0.010667431850461371,73.33850016980205,0.1115500618984023,[4 8],0.1115500618984023,1,0.1115500618984023,True,30,34,0.9182567596435547,35.77880334854126,-0.017241379310344786,10.457068154935316,True
30,along_decision_boundary,66.43298235708501,0.08792739658589363,[4 8],0.08792739658589363,1,0.08792739658589363,59.90156242020876,0.0630697720314908,[4 8],0.0630697720314908,1,0.0630697720314908,False,31,35,1.2373104095458984,37.021117210388184,-0.06666666666666664,0.7172937500757212,False
31,along_decision_boundary,77.84553544562966,0.007066916205487023,[0 1],0.007066916205487023,1,0.007066916205487023,81.76878153554779,0.3201025629524664,[0 1],0.3201025629524664,1,0.3201025629524664,True,32,36,1.1371288299560547,38.16327953338623,-0.016129032258064488,45.29593299888381,True
32,along_decision_boundary,66.21965996037964,0.006067686702429373,[4 7],0.006067686702429373,1,0.006067686702429373,71.3202180060762,0.11579148280993354,[4 7],0.11579148280993354,1,0.11579148280993354,True,33,38,1.3489761352539062,41.48256516456604,-0.0625,19.083299532187958,True
33,along_decision_boundary,79.78650885345664,0.0035681428066680503,[6 9],0.0035681428066680503,1,0.0035681428066680503,86.18940947896837,0.008287901673431256,[6 9],0.008287901673431256,1,0.008287901673431256,True,34,39,0.9496212005615234,42.43619251251221,-0.13636363636363646,2.3227494308644387,True
34,along_decision_boundary,47.67127813869541,0.018038249054520537,[3 9],0.018038249054520537,1,0.018038249054520537,50.824966430422684,0.016700585480992607,[3 9],0.016700585480992607,1,0.016700585480992607,False,35,40,0.8230724334716797,43.26625680923462,-0.23529411764705893,0.9258429368901135,False
35,along_decision_boundary,84.76073529322773,0.06331069220810287,[2 6],0.06331069220810287,1,0.06331069220810287,80.01097218547937,0.013668772791294742,[2 6],0.013668772791294742,1,0.013668772791294742,False,36,41,1.0280182361602783,44.29827857017517,-0.12857142857142867,0.21589991065593395,False
36,along_decision_boundary,73.45877229703427,0.03308747626645738,[4 5],0.03308747626645738,1,0.03308747626645738,64.6068194506351,0.1885986630217551,[4 5],0.1885986630217551,1,0.1885986630217551,True,37,43,1.6201555728912354,45.95537614822388,-0.05555555555555561,5.700001459855917,True
37,along_decision_boundary,75.42045700544887,0.3607873823668907,[2 8],0.3607873823668907,1,0.3607873823668907,73.52441643855225,0.03278295511741191,[2 8],0.03278295511741191,1,0.03278295511741191,False,38,44,1.8278412818908691,47.78922510147095,-0.12162162162162148,0.09086502666014627,False
38,along_decision_boundary,85.66802681652425,0.041344604532005745,[3 7],0.041344604532005745,1,0.041344604532005745,79.75492914852538,0.005245085526906783,[3 7],0.005245085526906783,1,0.005245085526906783,False,39,45,0.8201901912689209,48.61341571807861,-0.05263157894736853,0.12686263628054417,False
39,along_decision_boundary,76.18075881890968,0.33532284233648396,[4 6],0.33532284233648396,1,0.33532284233648396,72.7174939313102,0.11983026871428923,[4 6],0.11983026871428923,1,0.11983026871428923,False,40,46,0.7732164859771729,49.39383149147034,-0.012820512820512841,0.35735790582988086,False
40,along_decision_boundary,60.17152163755115,0.04015119028176387,[8 9],0.04015119028176387,1,0.04015119028176387,64.44631030072023,0.07229397222526847,[8 9],0.07229397222526847,1,0.07229397222526847,True,41,47,0.9199090003967285,50.32174062728882,-0.0,1.8005436879440013,True
41,along_decision_boundary,87.71492217269838,0.025866529882111522,[3 7],0.025866529882111522,1,0.025866529882111522,81.54307814049213,0.01390083549084755,[3 7],0.01390083549084755,1,0.01390083549084755,False,42,48,0.7757322788238525,51.107479095458984,-0.012195121951219533,0.5374062757625997,False
42,along_decision_boundary,82.00841483934103,0.08767759913136063,[5 7],0.08767759913136063,1,0.08767759913136063,83.14248318007995,0.07305974412819959,[5 7],0.07305974412819959,1,0.07305974412819959,False,43,49,0.6853809356689453,51.801857709884644,-0.0,0.8332771979618165,False
43,along_decision_boundary,79.92941133840873,0.07402849183992709,[8 9],0.07402849183992709,1,0.07402849183992709,79.58133302936251,0.06947285668870698,[8 9],0.06947285668870698,1,0.06947285668870698,False,44,50,1.60819411277771,53.41905093193054,-0.011627906976744226,0.9384610568445616,False
44,along_decision_boundary,55.3929887856461,0.0646297713212777,[2 4],0.0646297713212777,1,0.0646297713212777,72.30140593524676,0.4658809515984406,[2 4],0.4658809515984406,1,0.4658809515984406,True,45,52,2.753431797027588,56.217976331710815,-0.04545454545454537,7.20845737303516,True
45,along_decision_boundary,77.51765462530948,0.045639228746664956,[4 8],0.045639228746664956,1,0.045639228746664956,76.75963509406908,0.011049126160958942,[4 8],0.011049126160958942,1,0.011049126160958942,False,46,53,1.3793613910675049,57.60589003562927,-0.011111111111111143,0.24209712706344422,False
46,along_decision_boundary,84.96244855787552,0.09187879320565594,[2 7],0.09187879320565594,1,0.09187879320565594,85.95452469113557,0.10926895524932026,[2 7],0.10926895524932026,1,0.10926895524932026,True,47,55,1.1123311519622803,60.51739740371704,-0.04347826086956516,1.1892728608737735,True
47,along_decision_boundary,75.08223312535276,0.219364492799765,[3 5],0.219364492799765,1,0.219364492799765,70.71734217848376,0.0030743276538593893,[3 5],0.0030743276538593893,1,0.0030743276538593893,False,48,56,0.6237919330596924,61.15114402770996,-0.010638297872340456,0.014014700440447411,False
48,along_decision_boundary,72.40156875115639,0.0007409991066785891,[2 7],0.0007409991066785891,1,0.0007409991066785891,79.88851894689802,0.003918688837003989,[2 7],0.003918688837003989,1,0.003918688837003989,True,49,58,0.7864596843719482,61.976104497909546,-0.04166666666666659,5.288385372782552,True
49,along_decision_boundary,86.95590859337874,0.0007510976427478304,[1 4],0.0007510976427478304,1,0.0007510976427478304,89.85665804650334,0.13161382168493213,[0 4],0.13161382168493213,1,0.13161382168493213,True,50,59,1.6372332572937012,63.62033176422119,-0.010204081632653085,175.22864431238733,True
50,along_decision_boundary,83.51829673385085,0.10686341864050991,[5 6],0.10686341864050991,1,0.10686341864050991,79.58808803642938,0.02976286749353188,[5 6],0.02976286749353188,1,0.02976286749353188,False,51,60,1.394878625869751,65.02317357063293,-0.0,0.2785131513867678,False
51,along_decision_boundary,77.84203471379777,0.06892465658623033,[2 5],0.06892465658623033,1,0.06892465658623033,76.10518360572128,0.0166217497839174,[2 5],0.0166217497839174,1,0.0166217497839174,False,52,62,0.7742764949798584,65.83906269073486,-0.009803921568627492,0.24115825318799008,False
52,along_decision_boundary,85.70241410677548,0.14589460881780686,[6 9],0.14589460881780686,1,0.14589460881780686,85.01230330449387,0.18551289479014227,[6 9],0.18551289479014227,1,0.18551289479014227,True,53,63,1.729642629623413,67.57570242881775,-0.03846153846153841,1.2715541464716542,True
53,along_decision_boundary,78.63675834793005,0.05430882805034201,[7 9],0.05430882805034201,1,0.05430882805034201,77.73532809805583,0.15935367462322217,[7 9],0.15935367462322217,1,0.15935367462322217,True,54,64,1.1832008361816406,68.76390147209167,-0.00943396226415094,2.9342130983844465,True
54,along_decision_boundary,77.18634171012039,0.02158555917328381,[3 6],0.02158555917328381,1,0.02158555917328381,81.28900260026808,0.05947533712043138,[3 6],0.05947533712043138,1,0.05947533712043138,True,55,65,0.9340598583221436,69.70552277565002,-0.0,2.7553299241857627,True
55,along_decision_boundary,74.92342919959582,0.001962259411694726,[2 3],0.001962259411694726,1,0.001962259411694726,79.84355724909143,0.05339566032790407,[2 3],0.05339566032790407,1,0.05339566032790407,True,56,66,1.266575574874878,70.98210167884827,-0.009090909090909097,27.211315695404586,True
56,along_decision_boundary,80.15896406422466,0.173671304745607,[1 8],0.173671304745607,1,0.173671304745607,65.01737585561926,0.000237406040510005,[0 8],0.000237406040510005,1,0.000237406040510005,False,57,67,1.173760175704956,72.16588854789734,-0.035714285714285685,0.0013669848387317433,False
57,along_decision_boundary,73.16490395862525,0.33059537350011264,[3 6],0.33059537350011264,1,0.33059537350011264,69.72879853728382,0.05272172009067818,[3 6],0.05272172009067818,1,0.05272172009067818,False,58,69,1.4403836727142334,73.63437342643738,-0.008771929824561459,0.1594750692742535,False
58,along_decision_boundary,80.94550718272264,0.06779779481643446,[3 5],0.06779779481643446,1,0.06779779481643446,75.84549419136566,0.0073492367737226436,[3 5],0.0073492367737226436,1,0.0073492367737226436,False,59,71,0.7450242042541504,75.62300324440002,-0.0,0.10839934829179959,False
59,along_decision_boundary,86.3092149697867,0.12472895288745935,[4 6],0.12472895288745935,1,0.12472895288745935,66.17513381466856,0.03728953778042161,[4 6],0.03728953778042161,1,0.03728953778042161,False,60,72,1.3592631816864014,76.98726987838745,-0.008474576271186396,0.2989645701112177,False
60,along_decision_boundary,67.13207124892517,0.06417023417683294,[3 6],0.06417023417683294,1,0.06417023417683294,65.04398730475445,0.008056155521697021,[3 6],0.008056155521697021,1,0.008056155521697021,False,61,73,0.8976826667785645,77.89387679100037,-0.03333333333333332,0.12554349575064344,False
61,along_decision_boundary,82.24843174742857,0.23380501895292716,[5 7],0.23380501895292716,1,0.23380501895292716,79.87171713394136,0.31568113380809304,[5 7],0.31568113380809304,1,0.31568113380809304,True,62,74,1.517359972000122,79.41818737983704,-0.07377049180327885,1.350189723136997,True
62,along_decision_boundary,80.93413773483348,0.004660001883258539,[4 9],0.004660001883258539,1,0.004660001883258539,75.08320970449793,0.05235606078786446,[4 9],0.05235606078786446,1,0.05235606078786446,True,63,75,0.7864255905151367,80.21661567687988,-0.032258064516128976,11.235201637140566,True
63,along_decision_boundary,64.82883950438892,0.10860197729561089,[3 4],0.10860197729561089,1,0.10860197729561089,65.24411319150903,0.023225933443756258,[3 4],0.023225933443756258,1,0.023225933443756258,False,64,76,1.7016260623931885,81.92923831939697,-0.007936507936507992,0.21386289662605368,False
64,along_decision_boundary,86.73461318432402,0.036637791421960456,[5 6],0.036637791421960456,1,0.036637791421960456,81.95857437600043,0.00551538077618751,[5 6],0.00551538077618751,1,0.00551538077618751,False,65,77,1.0632216930389404,82.99841713905334,-0.03125,0.1505380254138798,False
65,along_decision_boundary,68.26731424780763,0.045472890043099415,[4 6],0.045472890043099415,1,0.045472890043099415,70.84467872649925,0.08546440815722732,[4 6],0.08546440815722732,1,0.08546440815722732,True,66,78,0.8377213478088379,83.84109902381897,-0.06923076923076907,1.8794584658292834,True
66,along_decision_boundary,66.36843465172447,0.014530821538789547,[2 6],0.014530821538789547,1,0.014530821538789547,67.23665294813841,0.030823231581137932,[2 6],0.030823231581137932,1,0.030823231581137932,True,67,79,0.8395922183990479,84.68674635887146,-0.03030303030303025,2.1212311705058338,True
67,along_decision_boundary,66.61055921146868,0.1568957496494501,[3 5],0.1568957496494501,1,0.1568957496494501,61.229151378995134,0.0644193993998893,[3 5],0.0644193993998893,1,0.0644193993998893,False,68,80,1.6216111183166504,86.31435704231262,-0.007462686567164222,0.4105872819615613,False
68,along_decision_boundary,85.48178525715288,0.09645351400876427,[3 6],0.09645351400876427,1,0.09645351400876427,89.09198502267365,0.2062740953931948,[3 6],0.2062740953931948,1,0.2062740953931948,True,69,81,0.9803147315979004,87.29966187477112,-0.029411764705882366,2.138585592376154,True
69,along_decision_boundary,89.79643544151006,0.0674150756586907,[5 7],0.0674150756586907,1,0.0674150756586907,83.04406825546113,0.09192133621566477,[5 7],0.09192133621566477,1,0.09192133621566477,True,70,82,0.9560432434082031,88.26371669769287,-0.007246376811594157,1.3635130616932696,True
70,along_decision_boundary,78.03648707467163,0.013279419014704353,[3 6],0.013279419014704353,1,0.013279419014704353,82.25991236459667,0.1488534177019717,[3 6],0.1488534177019717,1,0.1488534177019717,True,71,83,1.4078283309936523,89.68087029457092,-0.0,11.209332090292936,True
71,along_decision_boundary,77.24515510623735,0.013718840226746116,[6 9],0.013718840226746116,1,0.013718840226746116,79.0965552754641,0.039378684231786074,[6 9],0.039378684231786074,1,0.039378684231786074,True,72,84,0.7708971500396729,90.45673108100891,-0.0070422535211267425,2.8704091294112293,True
72,along_decision_boundary,77.40138718399557,0.037820307180391075,[6 9],0.037820307180391075,1,0.037820307180391075,88.95621659699302,0.018231245282361724,[6 9],0.018231245282361724,1,0.018231245282361724,False,73,86,0.7164931297302246,92.50672197341919,-0.027777777777777804,0.4820491064603037,False
73,along_decision_boundary,80.11104243241266,0.010560821742212888,[2 7],0.010560821742212888,1,0.010560821742212888,84.74864984491073,0.013590395959404212,[2 7],0.013590395959404212,1,0.013590395959404212,True,74,87,1.1010031700134277,93.61690950393677,-0.006849315068493206,1.2868691746856922,True
74,along_decision_boundary,77.82521760730286,0.12584825014003867,[3 5],0.12584825014003867,1,0.12584825014003867,66.70766413474769,0.07427165313839532,[3 5],0.07427165313839532,1,0.07427165313839532,False,75,88,1.004760503768921,94.62966895103455,-0.027027027027026918,0.5901683420766592,False
75,along_decision_boundary,86.32939432353906,0.05966774462198256,[8 9],0.05966774462198256,1,0.05966774462198256,86.02348108094849,0.0983322140309292,[8 9],0.0983322140309292,1,0.0983322140309292,True,76,89,1.2325356006622314,95.86824488639832,-0.006666666666666642,1.6479961603023627,True
76,along_decision_boundary,60.73600001539728,0.0060159265634939256,[2 5],0.0060159265634939256,1,0.0060159265634939256,66.13070003525677,0.025386438146962682,[2 5],0.025386438146962682,1,0.025386438146962682,True,77,90,1.0065436363220215,96.88179206848145,-0.026315789473684154,4.219871682113547,True
77,along_decision_boundary,70.91830977672916,0.16326361918199475,[2 7],0.16326361918199475,1,0.16326361918199475,83.35078846540094,0.06844747400367106,[2 7],0.06844747400367106,1,0.06844747400367106,False,78,91,1.0551512241363525,97.94490432739258,-0.05844155844155848,0.41924511012689636,False
78,along_decision_boundary,69.09809491485754,0.022187685973520898,[2 7],0.022187685973520898,1,0.022187685973520898,75.80759101478586,0.016288872212562935,[2 7],0.016288872212562935,1,0.016288872212562935,False,79,92,0.7819194793701172,98.73187518119812,-0.025641025641025682,0.7341401997487393,False
79,along_decision_boundary,72.34606461995703,0.02089890998248305,[2 7],0.02089890998248305,1,0.02089890998248305,77.46192517750096,0.02485026595494055,[2 7],0.02485026595494055,1,0.02485026595494055,True,80,93,0.7517340183258057,99.4885687828064,-0.006329113924050589,1.1890699551205985,True
80,along_decision_boundary,78.40754688470257,0.029844553342016793,[2 6],0.029844553342016793,1,0.029844553342016793,86.23182936636145,0.024814547318468883,[2 6],0.024814547318468883,1,0.024814547318468883,False,81,94,0.8173444271087646,100.31091022491455,-0.025000000000000043,0.8314598323551925,False
81,along_decision_boundary,66.19901471058003,0.05896772551897042,[2 7],0.05896772551897042,1,0.05896772551897042,71.76634943858357,0.1184169514907972,[2 7],0.1184169514907972,1,0.1184169514907972,True,82,95,1.1728146076202393,101.49142169952393,-0.006172839506172895,2.0081654913534264,True
82,along_decision_boundary,81.30030268494933,0.006165070551728674,[3 5],0.006165070551728674,1,0.006165070551728674,87.50589010038699,0.1660538880811493,[3 5],0.1660538880811493,1,0.1660538880811493,True,83,96,1.0008273124694824,102.50024747848511,-0.024390243902439067,26.934629001867318,True
83,along_decision_boundary,67.59945611757175,0.04410378944500869,[3 5],0.04410378944500869,1,0.04410378944500869,69.9767912565697,0.10749407550801285,[3 5],0.10749407550801285,1,0.10749407550801285,True,84,97,0.8642799854278564,103.3696186542511,-0.05421686746987953,2.4372979478791286,True
84,along_decision_boundary,81.16031343275492,0.05603389368166064,[4 8],0.05603389368166064,1,0.05603389368166064,84.73995766457966,0.023338376110284133,[4 8],0.023338376110284133,1,0.023338376110284133,False,85,98,0.703864336013794,104.08244109153748,-0.09523809523809544,0.4165046291959283,False
85,along_decision_boundary,85.24152562706833,0.07325444176727307,[1 9],0.07325444176727307,1,0.07325444176727307,85.36788116221331,0.4469211876299001,[0 9],0.4469211876299001,1,0.4469211876299001,True,86,99,1.0377027988433838,105.1271436214447,-0.05294117647058819,6.100943189899035,True
86,along_decision_boundary,86.51945388492277,0.0723667077416872,[1 9],0.0723667077416872,1,0.0723667077416872,86.10513011171898,0.30294048115150973,[0 9],0.30294048115150973,1,0.30294048115150973,True,87,100,0.9007363319396973,106.03687286376953,-0.09302325581395339,4.186185755925986,True
87,along_decision_boundary,49.90849535944288,0.02591305629417855,[7 9],0.02591305629417855,1,0.02591305629417855,80.30611852179514,0.13376616506302555,[7 9],0.13376616506302555,1,0.13376616506302555,True,88,102,0.7327399253845215,106.80561828613281,-0.14367816091954044,5.162114555089225,True
88,along_decision_boundary,75.81900483144229,0.037819488559992634,[0 1],0.037819488559992634,1,0.037819488559992634,85.04602088569268,0.01853665117174837,[0 1],0.01853665117174837,1,0.01853665117174837,False,89,103,1.209930419921875,108.02357244491577,-0.20454545454545486,0.49013489810534816,False
89,along_decision_boundary,84.41735916564024,0.06142812921436536,[3 9],0.06142812921436536,1,0.06142812921436536,71.94121647257792,0.015438345044956062,[3 9],0.015438345044956062,1,0.015438345044956062,False,90,105,1.3640873432159424,109.43041586875916,-0.1404494382022473,0.25132370531879566,False
90,along_decision_boundary,88.74682181140822,0.11179645241794274,[2 6],0.11179645241794274,1,0.11179645241794274,82.50935789332647,0.0883655432701119,[2 6],0.0883655432701119,1,0.0883655432701119,False,91,106,0.7172374725341797,110.15265369415283,-0.0888888888888887,0.7904145557299428,False
91,along_decision_boundary,80.74374074132783,0.31200218454490847,[3 6],0.31200218454490847,1,0.31200218454490847,76.22756975169531,0.035342549162642886,[3 6],0.035342549162642886,1,0.035342549162642886,False,92,107,1.0468604564666748,111.20550870895386,-0.04945054945054943,0.11327660802822298,False
92,along_decision_boundary,86.30978686727653,0.01853048979345121,[4 5],0.01853048979345121,1,0.01853048979345121,81.92828427695032,0.10478301416725504,[4 5],0.10478301416725504,1,0.10478301416725504,True,93,109,1.0401341915130615,113.98813199996948,-0.02173913043478258,5.6546273377126814,True
93,along_decision_boundary,88.40040609340079,0.008423565290165424,[3 7],0.008423565290165424,1,0.008423565290165424,89.45830766287374,0.10560063756923765,[3 7],0.10560063756923765,1,0.10560063756923765,True,94,110,0.7690718173980713,114.764164686203,-0.048387096774193464,12.536335142143102,True
94,along_decision_boundary,86.71061255467805,0.05002541143983743,[6 8],0.05002541143983743,1,0.05002541143983743,85.28136613345463,0.03721806453419344,[6 8],0.03721806453419344,1,0.03721806453419344,False,95,111,1.1068439483642578,115.87904858589172,-0.08510638297872321,0.7439831770090164,False
95,along_decision_boundary,73.56499917611502,0.06970087114406315,[0 1],0.06970087114406315,1,0.06970087114406315,80.24612551648478,0.0605846574480329,[0 1],0.0605846574480329,1,0.0605846574480329,False,96,112,1.604095697402954,117.4921305179596,-0.04736842105263154,0.869209472616373,False
96,along_decision_boundary,74.9382481423003,0.09375072550475834,[2 3],0.09375072550475834,1,0.09375072550475834,82.48965533372035,0.0804539420484425,[2 3],0.0804539420484425,1,0.0804539420484425,False,97,113,0.9965240955352783,118.49759554862976,-0.02083333333333341,0.8581687407246682,False
97,along_decision_boundary,87.18625995330628,0.021506985619139826,[6 9],0.021506985619139826,1,0.021506985619139826,88.88348796011283,0.26624811653440894,[6 9],0.26624811653440894,1,0.26624811653440894,True,98,114,1.0309998989105225,119.53961873054504,-0.005154639175257695,12.379611036586427,True
98,along_decision_boundary,88.33014196413886,0.043675867972012644,[2 7],0.043675867972012644,1,0.043675867972012644,89.32883252651813,0.17895570473742198,[2 7],0.17895570473742198,1,0.17895570473742198,True,99,115,1.429382085800171,120.9785828590393,-0.02040816326530617,4.097358863070477,True
99,along_decision_boundary,73.86177215957667,0.01855071815604591,[3 6],0.01855071815604591,1,0.01855071815604591,72.97383178727226,0.19442268503303844,[3 6],0.19442268503303844,1,0.19442268503303844,True,100,117,1.7154486179351807,122.72645139694214,-0.04545454545454537,10.480601526991217,True
100,along_decision_boundary,87.17169220375948,0.005497536952840555,[6 9],0.005497536952840555,1,0.005497536952840555,85.67903100693168,0.010204933850364138,[6 9],0.010204933850364138,1,0.010204933850364138,True,101,118,0.7196485996246338,123.45516014099121,-0.08000000000000014,1.8562738073258953,True
101,along_decision_boundary,75.51122939695766,0.007512974287060778,[0 1],0.007512974287060778,1,0.007512974287060778,79.51245249481259,0.002723365836681817,[0 1],0.002723365836681817,1,0.002723365836681817,False,102,119,0.757474422454834,124.22259020805359,-0.12376237623762398,0.3624883744607158,False
102,along_decision_boundary,67.23940422817806,0.010910919213620774,[2 4],0.010910919213620774,1,0.010910919213620774,70.88088080537332,0.02675763256029817,[2 4],0.02675763256029817,1,0.02675763256029817,True,103,120,0.7595572471618652,124.98915028572083,-0.0784313725490195,2.4523719804372637,True
103,along_decision_boundary,86.70022127440718,0.006753237191960191,[3 8],0.006753237191960191,1,0.006753237191960191,85.12700578816751,0.01479442958558003,[3 8],0.01479442958558003,1,0.01479442958558003,True,104,121,0.9330356121063232,125.93143510818481,-0.12135922330097078,2.1907167133405254,True
104,along_decision_boundary,64.51590131728763,0.017673447724747417,[3 7],0.017673447724747417,1,0.017673447724747417,81.51929340995464,0.016414004611755083,[3 7],0.016414004611755083,1,0.016414004611755083,False,105,122,1.0858097076416016,127.02624678611755,-0.17307692307692318,0.9287381198842835,False
105,along_decision_boundary,79.85200343775404,0.03141651199792219,[1 9],0.03141651199792219,1,0.03141651199792219,87.19831685881202,0.03651836317632585,[0 9],0.03651836317632585,1,0.03651836317632585,True,106,123,0.8429646492004395,127.87722873687744,-0.1190476190476193,1.1623939404457466,True
106,along_decision_boundary,64.44509150327963,0.030734880724901856,[0 1],0.030734880724901856,1,0.030734880724901856,77.5067191543419,0.1142345323656847,[0 1],0.1142345323656847,1,0.1142345323656847,True,107,124,1.0875613689422607,128.97373819351196,-0.1698113207547169,3.716771618154685,True
107,along_decision_boundary,83.43311672853942,0.058940897775932914,[4 6],0.058940897775932914,1,0.058940897775932914,88.48344530066387,0.4424703589243383,[4 6],0.4424703589243383,1,0.4424703589243383,True,108,125,1.6816577911376953,130.66138625144958,-0.2289719626168225,7.507017633263983,True
108,along_decision_boundary,81.8642533127455,0.006810628048623168,[3 7],0.006810628048623168,1,0.006810628048623168,75.7164079612282,0.1992628553236484,[3 7],0.1992628553236484,1,0.1992628553236484,True,109,126,1.652198076248169,132.3231053352356,-0.2962962962962963,29.257632908602496,True
109,along_decision_boundary,63.97162819811197,0.13247147005965573,[3 6],0.13247147005965573,1,0.13247147005965573,65.4215396477483,0.24042648437137953,[3 6],0.24042648437137953,1,0.24042648437137953,True,110,127,1.388871431350708,133.720032453537,-0.3715596330275225,1.814930296033618,True
110,along_decision_boundary,85.04193482570103,0.027821844636146502,[7 9],0.027821844636146502,1,0.027821844636146502,76.46994841144009,0.020010077829954453,[7 9],0.020010077829954453,1,0.020010077829954453,False,111,128,0.8223152160644531,134.55034255981445,-0.45454545454545486,0.7192218234141492,False
111,along_decision_boundary,67.20739433756401,0.010670873078519999,[4 8],0.010670873078519999,1,0.010670873078519999,80.2351645609129,0.17732530930343587,[4 8],0.17732530930343587,1,0.17732530930343587,True,112,129,0.8563647270202637,135.41305112838745,-0.3648648648648644,16.617694540888504,True
112,along_decision_boundary,81.6593438812096,0.6015194061871405,[7 9],0.6015194061871405,1,0.6015194061871405,63.70546489856975,0.07298710514006518,[7 9],0.07298710514006518,1,0.07298710514006518,False,113,130,2.0821340084075928,137.50434136390686,-0.4464285714285716,0.12133790595836229,False
113,along_decision_boundary,68.23687366288283,0.06915227933191206,[0 2],0.06915227933191206,1,0.06915227933191206,88.31023838276698,0.034162540510725134,[1 2],0.034162540510725134,1,0.034162540510725134,False,114,131,1.0312492847442627,138.54662680625916,-0.3584070796460178,0.4940190090735009,False
114,along_decision_boundary,87.87770764665161,0.3405483757401084,[3 5],0.3405483757401084,1,0.3405483757401084,85.3568535075144,0.040682848888084294,[3 5],0.040682848888084294,1,0.040682848888084294,False,115,132,1.7995100021362305,140.35635137557983,-0.2807017543859649,0.11946276002541167,False
115,along_decision_boundary,83.12270185617166,0.02181955376443612,[5 8],0.02181955376443612,1,0.02181955376443612,78.40001384269189,0.002109581704502455,[5 8],0.002109581704502455,1,0.002109581704502455,False,116,133,0.8413903713226318,141.20274591445923,-0.21304347826086945,0.09668308194005694,False
116,along_decision_boundary,67.93131098851464,0.07490355856954135,[3 5],0.07490355856954135,1,0.07490355856954135,69.81912854751957,0.02581482308407008,[3 5],0.02581482308407008,1,0.02581482308407008,False,117,134,1.131155014038086,142.34186172485352,-0.1551724137931034,0.3446408098235185,False
117,along_decision_boundary,58.551563999521036,0.027225543100720784,[8 9],0.027225543100720784,1,0.027225543100720784,66.37500271953314,0.028858258677284053,[8 9],0.028858258677284053,1,0.028858258677284053,True,118,135,0.9198546409606934,143.26715397834778,-0.10683760683760662,1.0599699910676912,True
118,along_decision_boundary,84.95902946346945,0.025823782737133653,[4 5],0.025823782737133653,1,0.025823782737133653,77.5482053260544,0.08049990266642483,[4 5],0.08049990266642483,1,0.08049990266642483,True,119,137,1.2937688827514648,146.51588201522827,-0.15254237288135578,3.117277723633762,True
119,along_decision_boundary,86.48564859015926,0.11778259164458516,[3 4],0.11778259164458516,1,0.11778259164458516,83.67412904146269,0.09946753401385267,[3 4],0.09946753401385267,1,0.09946753401385267,False,120,138,1.0642991065979004,147.58818244934082,-0.20588235294117654,0.8445011493209532,False
120,along_decision_boundary,87.12049898748522,0.05914519685814845,[2 6],0.05914519685814845,1,0.05914519685814845,76.5470623871484,0.1379631606077124,[2 6],0.1379631606077124,1,0.1379631606077124,True,121,139,1.4428327083587646,149.03808045387268,-0.15000000000000027,2.3326181657421463,True
121,along_decision_boundary,66.60782073057646,0.03880483675140144,[4 5],0.03880483675140144,1,0.03880483675140144,71.4976282274609,0.03904055538557529,[4 5],0.03904055538557529,1,0.03904055538557529,True,122,140,0.8393750190734863,149.88646388053894,-0.2024793388429754,1.006074465296271,True
122,along_decision_boundary,73.586288199861,0.05008564926612543,[3 5],0.05008564926612543,1,0.05008564926612543,83.43766490543001,0.10413916115307312,[3 5],0.10413916115307312,1,0.10413916115307312,True,123,141,1.070422887802124,150.9654459953308,-0.26229508196721285,2.0792215470690896,True
123,along_decision_boundary,72.84365491942444,0.12771632341130823,[6 7],0.12771632341130823,1,0.12771632341130823,83.76410315897382,0.0388370298416157,[6 7],0.0388370298416157,1,0.0388370298416157,False,124,142,0.8474273681640625,151.81892728805542,-0.3292682926829264,0.30408822305776617,False
124,along_decision_boundary,87.9909262444754,0.045853866525272596,[3 6],0.045853866525272596,1,0.045853866525272596,85.84224294545392,0.004668327509178234,[3 6],0.004668327509178234,1,0.004668327509178234,False,125,143,0.9337241649627686,152.7616069316864,-0.2580645161290327,0.10180880835000602,False
125,along_decision_boundary,57.141232408702706,0.02020791404976619,[3 5],0.02020791404976619,1,0.02020791404976619,69.52467065100805,0.04235068327797153,[3 5],0.04235068327797153,1,0.04235068327797153,True,126,144,0.8038818836212158,153.57297921180725,-0.19600000000000034,2.0957473974638927,True
126,along_decision_boundary,67.19772173995018,0.012039740066791666,[8 9],0.012039740066791666,1,0.012039740066791666,71.54304948498921,0.04700571064375656,[8 9],0.04700571064375656,1,0.04700571064375656,True,127,145,0.9382104873657227,154.51711559295654,-0.25396825396825395,3.9042130796003622,True
127,along_decision_boundary,79.27688300204852,0.05480672333738317,[2 6],0.05480672333738317,1,0.05480672333738317,81.94657605880943,0.07468040719319591,[2 6],0.07468040719319591,1,0.07468040719319591,True,128,146,0.6986093521118164,155.22276639938354,-0.31889763779527547,1.362613975907169,True
128,along_decision_boundary,64.94976094901725,0.018237750618667753,[3 4],0.018237750618667753,1,0.018237750618667753,57.212379061986546,0.06600964690739479,[3 4],0.06600964690739479,1,0.06600964690739479,True,129,147,0.8723030090332031,156.10007047653198,-0.390625,3.619396288916726,True
129,along_decision_boundary,89.80170589512086,0.0024214639136196803,[3 9],0.0024214639136196803,1,0.0024214639136196803,78.67821469049375,0.08627393579825608,[3 9],0.08627393579825608,1,0.08627393579825608,True,130,148,1.012556791305542,157.12119507789612,-0.46899224806201595,35.62883399294235,True
130,along_decision_boundary,69.37205242523005,0.13766720560289897,[2 4],0.13766720560289897,1,0.13766720560289897,77.800401622631,0.21121478341070204,[2 4],0.21121478341070204,1,0.21121478341070204,True,131,149,1.7539591789245605,158.88415694236755,-0.5538461538461539,1.5342418151491435,True
131,along_decision_boundary,82.04665645210639,0.0515147283073831,[6 7],0.0515147283073831,1,0.0515147283073831,89.27717394050721,0.00523402127168399,[6 7],0.00523402127168399,1,0.00523402127168399,False,132,150,0.8146557807922363,159.70576310157776,-0.645038167938932,0.10160242407672465,False
132,along_decision_boundary,69.83498430402878,0.05420276744432332,[3 5],0.05420276744432332,1,0.05420276744432332,73.95911797760786,0.004867296368422641,[3 5],0.004867296368422641,1,0.004867296368422641,False,133,151,0.7943248748779297,160.50770616531372,-0.5454545454545459,0.08979793095292213,False
133,along_decision_boundary,73.7212303235743,0.030192994960339135,[5 9],0.030192994960339135,1,0.030192994960339135,79.34076061266255,0.07950840761210787,[5 9],0.07950840761210787,1,0.07950840761210787,True,134,152,1.1157886981964111,161.63004088401794,-0.45488721804511334,2.6333395450351444,True
134,along_decision_boundary,67.48679787281225,0.16931973563049174,[2 6],0.16931973563049174,1,0.16931973563049174,69.10809544555828,0.1332396135085681,[2 6],0.1332396135085681,1,0.1332396135085681,False,135,153,1.6240696907043457,163.26311802864075,-0.5373134328358213,0.7869113013461014,False
135,along_decision_boundary,51.37303423973235,0.0024372560028692136,[1 9],0.0024372560028692136,1,0.0024372560028692136,75.71099738713198,0.0015538691052837254,[0 9],0.0015538691052837254,1,0.0015538691052837254,False,136,154,0.7084739208221436,163.9795801639557,-0.44814814814814824,0.6375485806392363,False
136,along_decision_boundary,49.1876485385355,0.1572745337241177,[1 9],0.1572745337241177,1,0.1572745337241177,68.81261086635244,0.08482467222463785,[0 9],0.08482467222463785,1,0.08482467222463785,False,137,155,1.274672031402588,165.26226568222046,-0.36764705882352905,0.5393414319284049,False
137,along_decision_boundary,72.9192856199698,0.08785208434059755,[8 9],0.08785208434059755,1,0.08785208434059755,72.82182166371929,0.02935048799486935,[8 9],0.02935048799486935,1,0.02935048799486935,False,138,156,1.1120221614837646,166.38325548171997,-0.29562043795620463,0.33408983082381033,False
138,along_decision_boundary,77.99561045348483,0.014175704103905187,[5 9],0.014175704103905187,1,0.014175704103905187,70.58074334967293,0.04030546813896247,[5 9],0.04030546813896247,1,0.04030546813896247,True,139,157,0.7359447479248047,167.12820148468018,-0.23188405797101477,2.843278037092982,True
139,along_decision_boundary,64.68487208032491,0.08478097081898862,[5 9],0.08478097081898862,1,0.08478097081898862,79.86864333506807,0.03938739922513414,[5 9],0.03938739922513414,1,0.03938739922513414,False,140,158,1.1446640491485596,168.2810091972351,-0.29136690647482055,0.4645782991707903,False
140,along_decision_boundary,86.71686910562327,0.035463236303537454,[3 4],0.035463236303537454,1,0.035463236303537454,88.80151352168062,0.02611993826889494,[3 4],0.02611993826889494,1,0.02611993826889494,False,141,160,0.8627288341522217,169.1810019016266,-0.22857142857142873,0.7365356631675908,False
141,along_decision_boundary,61.31671421762085,0.05499560968913341,[3 6],0.05499560968913341,1,0.05499560968913341,83.19729060776089,0.1367186827944791,[3 6],0.1367186827944791,1,0.1367186827944791,True,142,161,1.2212886810302734,170.40928983688354,-0.17375886524822667,2.4859926740932807,True
142,along_decision_boundary,62.043412396072995,0.12163328091923324,[1 3],0.12163328091923324,1,0.12163328091923324,82.22154538791665,0.10625877400748009,[0 3],0.10625877400748009,1,0.10625877400748009,False,143,162,1.2455425262451172,171.65988969802856,-0.22535211267605662,0.8735995050403835,False
143,along_decision_boundary,78.96180175353373,0.011665367279007622,[6 9],0.011665367279007622,1,0.011665367279007622,80.41990361712644,0.04883448814067042,[6 9],0.04883448814067042,1,0.04883448814067042,True,144,163,0.7539703845977783,172.4228777885437,-0.17132867132867138,4.1862795206243,True
144,along_decision_boundary,68.37275515091147,0.10224558190518188,[1 8],0.10224558190518188,1,0.10224558190518188,65.12733202804466,6.271969818336696e-05,[0 8],6.271969818336696e-05,1,6.271969818336696e-05,False,145,165,0.7790820598602295,173.23888635635376,-0.22222222222222243,0.0006134220864577845,False
145,along_decision_boundary,78.5315150951373,0.06891867995781503,[0 1],0.06891867995781503,1,0.06891867995781503,77.08382613684043,0.16628593117499393,[0 1],0.16628593117499393,1,0.16628593117499393,True,146,166,1.143646001815796,174.39050364494324,-0.1689655172413792,2.412784622061496,True
146,along_decision_boundary,66.55000587900889,0.059795625891576866,[6 9],0.059795625891576866,1,0.059795625891576866,72.31020852042246,0.09923312687388508,[6 9],0.09923312687388508,1,0.09923312687388508,True,147,167,0.8695597648620605,175.2660641670227,-0.2191780821917808,1.6595382253179758,True
147,along_decision_boundary,76.94977187194934,0.055025361049293973,[2 4],0.055025361049293973,1,0.055025361049293973,79.45068960831094,0.023519730304836405,[2 4],0.023519730304836405,1,0.023519730304836405,False,148,168,0.7872533798217773,176.06126952171326,-0.27551020408163224,0.4274343658329923,False
148,along_decision_boundary,65.94725750792459,0.04609748023216967,[5 7],0.04609748023216967,1,0.04609748023216967,74.56762857468885,0.07845397403227825,[5 7],0.07845397403227825,1,0.07845397403227825,True,149,169,1.164860486984253,177.23312997817993,-0.21621621621621626,1.7019145870261303,True
149,along_decision_boundary,81.39223676805722,0.011588957095596998,[5 6],0.011588957095596998,1,0.011588957095596998,88.95005936747029,0.01539379610176646,[5 6],0.01539379610176646,1,0.01539379610176646,True,150,170,0.6919999122619629,177.93412971496582,-0.27181208053691297,1.3283159109817602,True
150,along_decision_boundary,81.49143858668285,0.012975211922313976,[5 6],0.012975211922313976,1,0.012975211922313976,88.53373982122719,0.07910605524750271,[5 6],0.07910605524750271,1,0.07910605524750271,True,151,171,0.8833756446838379,178.82350611686707,-0.3333333333333332,6.096706221149341,True
151,along_decision_boundary,79.70963522122764,0.025440205311054204,[2 5],0.025440205311054204,1,0.025440205311054204,86.13954646603956,0.016878704155520896,[2 5],0.016878704155520896,1,0.016878704155520896,False,152,172,0.7624115943908691,179.59187841415405,-0.4006622516556296,0.6634657208598396,False
152,along_decision_boundary,69.22389509271336,0.06182976306764273,[3 6],0.06182976306764273,1,0.06182976306764273,74.49860613482414,0.07695076128229164,[3 6],0.07695076128229164,1,0.07695076128229164,True,153,173,1.294848918914795,180.89568781852722,-0.32894736842105243,1.2445585663672414,True
153,along_decision_boundary,81.5288627489551,0.1503530216325242,[3 6],0.1503530216325242,1,0.1503530216325242,82.49159676148854,0.06820758544176089,[3 6],0.06820758544176089,1,0.06820758544176089,False,154,174,1.1496355533599854,182.0538055896759,-0.3954248366013068,0.4536495821711261,False
154,along_decision_boundary,56.483292629087615,0.08430535357830027,[2 6],0.08430535357830027,1,0.08430535357830027,61.50812537929097,0.003168869880016835,[2 6],0.003168869880016835,1,0.003168869880016835,False,155,175,0.6773085594177246,182.73711228370667,-0.3246753246753249,0.03758800296203828,False
155,along_decision_boundary,80.90952988525045,0.012848866737638479,[8 9],0.012848866737638479,1,0.012848866737638479,80.15462845238316,0.02497469947949121,[8 9],0.02497469947949121,1,0.02497469947949121,True,156,176,0.8769755363464355,183.62276482582092,-0.2612903225806455,1.943727800237219,True
156,along_decision_boundary,87.37776687213882,0.086127576274631,[4 8],0.086127576274631,1,0.086127576274631,88.19125941485878,0.016234075060274918,[4 8],0.016234075060274918,1,0.016234075060274918,False,157,177,1.0391137599945068,184.66830968856812,-0.32051282051282043,0.18848870202163912,False
157,along_decision_boundary,81.99784128112576,0.029301306693130354,[4 8],0.029301306693130354,1,0.029301306693130354,85.81743753582974,0.13913693938583963,[4 8],0.13913693938583963,1,0.13913693938583963,True,158,178,0.7278711795806885,185.40520930290222,-0.25796178343949033,4.74848923438831,True
158,along_decision_boundary,47.56193013634786,0.022069204221450197,[3 7],0.022069204221450197,1,0.022069204221450197,77.26183953248356,0.01477538423693631,[3 7],0.01477538423693631,1,0.01477538423693631,False,159,179,0.8662610054016113,186.27836918830872,-0.31645569620253167,0.6695023567082383,False
159,along_decision_boundary,71.00519965310701,0.06752121154604898,[3 5],0.06752121154604898,1,0.06752121154604898,87.68401636702514,0.03049341493688876,[3 5],0.03049341493688876,1,0.03049341493688876,False,160,180,0.936206579208374,187.2245810031891,-0.25471698113207536,0.45161237837227597,False
160,along_decision_boundary,86.35262401893216,0.010977510213183979,[2 6],0.010977510213183979,1,0.010977510213183979,83.71747588235571,0.5278158239939509,[2 6],0.5278158239939509,1,0.5278158239939509,True,161,183,1.6265101432800293,188.91446447372437,-0.20000000000000034,48.08156073132545,True
161,along_decision_boundary,81.12473605822329,0.04286343013021735,[8 9],0.04286343013021735,1,0.04286343013021735,79.57376137052643,0.038521719469060536,[8 9],0.038521719469060536,1,0.038521719469060536,False,162,184,0.9235460758209229,189.8429729938507,-0.2515527950310559,0.8987082777097662,False
162,along_decision_boundary,73.26427054293033,0.10319951267558536,[0 6],0.10319951267558536,1,0.10319951267558536,76.97979627462857,2.1926904750694665e-05,[1 6],2.1926904750694665e-05,1,2.1926904750694665e-05,False,163,185,1.0473554134368896,190.89935159683228,-0.19753086419753083,0.00021247101059113885,False
163,along_decision_boundary,68.06145186691293,0.15999702912596508,[2 8],0.15999702912596508,1,0.15999702912596508,78.32640762529454,0.05002934764448737,[2 8],0.05002934764448737,1,0.05002934764448737,False,164,186,1.8388731479644775,192.74717807769775,-0.1503067484662575,0.31268922877998845,False
164,along_decision_boundary,84.39590034435938,0.029586385481625833,[3 8],0.029586385481625833,1,0.029586385481625833,73.9278770957741,0.008856167576774553,[3 8],0.008856167576774553,1,0.008856167576774553,False,165,187,0.6909265518188477,193.4464819431305,-0.1097560975609758,0.2993325285467716,False
165,along_decision_boundary,81.0882421594577,0.39649343825428257,[8 9],0.39649343825428257,1,0.39649343825428257,84.05753489581211,0.11149309700073134,[8 9],0.11149309700073134,1,0.11149309700073134,False,166,188,1.4755053520202637,194.93107557296753,-0.07575757575757562,0.28119783644244734,False
166,along_decision_boundary,82.44315427389589,0.32355089227105144,[7 9],0.32355089227105144,1,0.32355089227105144,83.30382283327465,0.11936466335007997,[7 9],0.11936466335007997,1,0.11936466335007997,False,167,189,1.8276760578155518,196.76676321029663,-0.04819277108433722,0.36892082884470445,False
167,along_decision_boundary,76.91783064841869,0.1623536540700061,[3 8],0.1623536540700061,1,0.1623536540700061,75.07516863300484,0.3827180503003843,[3 8],0.3827180503003843,1,0.3827180503003843,True,168,190,1.7251737117767334,198.49793791770935,-0.02694610778443123,2.357310973335766,True
168,along_decision_boundary,75.55965457837823,0.02853219646168264,[3 7],0.02853219646168264,1,0.02853219646168264,74.68218702924243,0.08721182409033365,[3 7],0.08721182409033365,1,0.08721182409033365,True,169,191,0.7691001892089844,199.27604722976685,-0.04761904761904772,3.056610948528092,True
169,along_decision_boundary,74.96480647082072,0.00532281771514058,[5 7],0.00532281771514058,1,0.00532281771514058,79.52931498206301,0.016173586976656055,[5 7],0.016173586976656055,1,0.016173586976656055,True,170,193,1.0347626209259033,200.33479809761047,-0.07396449704142032,3.0385385790407247,True
170,along_decision_boundary,66.79253333735575,0.002274091217808886,[6 9],0.002274091217808886,1,0.002274091217808886,72.47763941303664,0.03160559081647365,[6 9],0.03160559081647365,1,0.03160559081647365,True,171,194,0.8134016990661621,201.15624499320984,-0.10588235294117639,13.89811919986482,True
171,along_decision_boundary,73.2249625974132,0.23302791758682642,[3 5],0.23302791758682642,1,0.23302791758682642,85.99530977922677,0.14266047775306165,[3 5],0.14266047775306165,1,0.14266047775306165,False,172,195,2.1284339427948,203.29366827011108,-0.14327485380116997,0.6122033755887049,False
172,along_decision_boundary,76.79043360416205,0.09038780447696695,[7 9],0.09038780447696695,1,0.09038780447696695,80.85440612846382,0.027133931439099916,[7 9],0.027133931439099916,1,0.027133931439099916,False,173,196,1.0220715999603271,204.32568788528442,-0.10465116279069739,0.30019460696176453,False
173,along_decision_boundary,72.86014640110282,0.029340681211842044,[2 6],0.029340681211842044,1,0.029340681211842044,73.8926517908028,0.08395584848067103,[2 6],0.08395584848067103,1,0.08395584848067103,True,174,197,0.9069805145263672,205.23766922950745,-0.0722543352601158,2.8614144257423044,True
174,along_decision_boundary,58.44390128508989,0.02946424756426975,[3 6],0.02946424756426975,1,0.02946424756426975,63.15966146346017,0.06911745311411173,[3 6],0.06911745311411173,1,0.06911745311411173,True,175,198,0.7569823265075684,206.0047526359558,-0.10344827586206871,2.3458075066518247,True
175,along_decision_boundary,88.35572112038581,0.15542223615987272,[6 9],0.15542223615987272,1,0.15542223615987272,82.20065665965997,0.016455505722333046,[6 9],0.016455505722333046,1,0.016455505722333046,False,176,199,0.747816801071167,206.76252913475037,-0.14000000000000026,0.10587613541608255,False
176,along_decision_boundary,87.7761866080928,0.10327363086457834,[8 9],0.10327363086457834,1,0.10327363086457834,77.14421558089012,0.010851872811673876,[8 9],0.010851872811673876,1,0.010851872811673876,False,177,201,1.6533401012420654,208.4404673576355,-0.10227272727272708,0.10507883494387668,False
177,along_decision_boundary,83.70078469267565,0.1809703661944476,[3 6],0.1809703661944476,1,0.1809703661944476,77.7054732737188,0.05602711071267648,[3 6],0.05602711071267648,1,0.05602711071267648,False,178,202,1.5998570919036865,210.04932570457458,-0.07062146892655348,0.30959273548950506,False
178,along_decision_boundary,78.48393350087015,0.06288312188895263,[2 5],0.06288312188895263,1,0.06288312188895263,86.3416376256645,0.06556185171759311,[2 5],0.06556185171759311,1,0.06556185171759311,True,179,203,0.78529953956604,210.8405783176422,-0.04494382022471932,1.0425985502655377,True
179,along_decision_boundary,45.35562540365125,0.15538042723409218,[0 1],0.15538042723409218,1,0.15538042723409218,70.99348966535055,0.1182453581568356,[0 1],0.1182453581568356,1,0.1182453581568356,False,180,204,1.2150955200195312,212.06467080116272,-0.069832402234637,0.7610054899558885,False
180,along_decision_boundary,85.40680185577726,0.02271446861662382,[6 9],0.02271446861662382,1,0.02271446861662382,87.72766950091436,0.035606272258880495,[6 9],0.035606272258880495,1,0.035606272258880495,True,181,206,0.9415266513824463,213.05112981796265,-0.04444444444444457,1.5675591122048822,True
181,along_decision_boundary,88.20426877902588,0.02717289209079852,[3 6],0.02717289209079852,1,0.02717289209079852,87.13830664550692,0.2175208717588082,[3 6],0.2175208717588082,1,0.2175208717588082,True,182,207,1.4331018924713135,214.49441647529602,-0.06906077348066318,8.005068839634728,True
182,along_decision_boundary,59.29107236589641,0.1210403304040969,[3 9],0.1210403304040969,1,0.1210403304040969,64.27690900526393,0.0024409198314618978,[3 9],0.0024409198314618978,1,0.0024409198314618978,False,183,208,1.207871675491333,215.70928525924683,-0.09890109890109886,0.020166169600767045,False
183,along_decision_boundary,73.48508803514025,0.20656099951124615,[5 6],0.20656099951124615,1,0.20656099951124615,79.13816158705956,0.06228850728456976,[5 6],0.06228850728456976,1,0.06228850728456976,False,184,209,1.6211354732513428,217.3374195098877,-0.0683060109289619,0.30155018339354267,False
184,along_decision_boundary,77.5423051427897,0.0671873328167139,[2 4],0.0671873328167139,1,0.0671873328167139,71.43585527426357,0.014722057613948873,[2 4],0.014722057613948873,1,0.014722057613948873,False,185,210,1.154836654663086,218.50264430046082,-0.04347826086956516,0.21911954228203165,False
185,along_decision_boundary,74.70137915025595,0.36187265932033874,[1 8],0.36187265932033874,1,0.36187265932033874,76.31133407698098,3.911479310725466e-05,[0 8],3.911479310725466e-05,1,3.911479310725466e-05,False,186,211,1.2470414638519287,219.75568556785583,-0.024324324324324163,0.00010808993744020122,False
186,along_decision_boundary,87.72948195849428,0.0685487020166771,[4 5],0.0685487020166771,1,0.0685487020166771,85.18180466973052,0.2828368604315122,[4 5],0.2828368604315122,1,0.2828368604315122,True,187,212,1.690385103225708,221.45581603050232,-0.01075268817204299,4.126071714132549,True
187,along_decision_boundary,83.61319383682657,0.18469088889388693,[3 7],0.18469088889388693,1,0.18469088889388693,78.9832096865083,0.0757423964846936,[3 7],0.0757423964846936,1,0.0757423964846936,False,188,213,1.4761629104614258,222.93897652626038,-0.024064171122994513,0.41010358950739007,False
188,along_decision_boundary,70.29240552178018,0.5550445737680518,[4 5],0.5550445737680518,1,0.5550445737680518,80.38333781502801,0.20526913664287114,[4 5],0.20526913664287114,1,0.20526913664287114,False,189,214,2.8923299312591553,225.84030675888062,-0.010638297872340345,0.3698245984990951,False
189,along_decision_boundary,80.47916023473876,0.06555812921248268,[3 6],0.06555812921248268,1,0.06555812921248268,89.14852054871636,0.06289793467203694,[3 6],0.06289793467203694,1,0.06289793467203694,False,190,215,0.9411413669586182,226.79164290428162,-0.002645502645502701,0.9594223542922695,False
190,along_decision_boundary,54.979375019834436,0.023792274052869215,[1 8],0.023792274052869215,1,0.023792274052869215,79.12218575150541,0.04762794112934135,[0 8],0.04762794112934135,1,0.04762794112934135,True,191,216,0.6410183906555176,227.43961215019226,-0.0,2.001823828336312,True
191,along_decision_boundary,75.93707720400157,0.152692336636708,[2 7],0.152692336636708,1,0.152692336636708,82.79339066864581,0.026474878544884468,[2 7],0.026474878544884468,1,0.026474878544884468,False,192,218,1.2407011985778809,229.46107053756714,-0.0026178010471203687,0.17338708102866096,False
192,along_decision_boundary,60.69435617017237,0.0299414621725766,[4 8],0.0299414621725766,1,0.0299414621725766,64.45507639912371,0.0342869694858544,[4 8],0.0342869694858544,1,0.0342869694858544,True,193,219,0.7754778861999512,230.24590373039246,-0.0,1.1451334369788344,True
193,along_decision_boundary,60.8978987548721,1.2597615852708355e-05,[0 2],1.2597615852708355e-05,1,1.2597615852708355e-05,88.93107982793703,0.050916822605781745,[1 2],0.050916822605781745,1,0.050916822605781745,True,194,220,0.8538098335266113,231.1086642742157,-0.002590673575129552,4041.7824452739733,True
194,along_decision_boundary,81.73459601093136,0.07440148005081765,[2 9],0.07440148005081765,1,0.07440148005081765,81.70068554933381,0.05335290622730708,[2 9],0.05335290622730708,1,0.05335290622730708,False,195,221,1.1159512996673584,232.23465871810913,-0.01030927835051539,0.7170946893914747,False
195,along_decision_boundary,76.20381662703633,0.039229522127510415,[8 9],0.039229522127510415,1,0.039229522127510415,86.31579424573319,0.07113790294438725,[8 9],0.07113790294438725,1,0.07113790294438725,True,196,222,0.7338805198669434,232.97878241539001,-0.002564102564102546,1.8133767399246628,True
196,along_decision_boundary,76.97028159030644,0.0022582386170129066,[6 9],0.0022582386170129066,1,0.0022582386170129066,80.42384509783084,0.002979523331279852,[6 9],0.002979523331279852,1,0.002979523331279852,True,197,223,0.7063813209533691,233.69457507133484,-0.010204081632653085,1.3194014613128118,True
197,along_decision_boundary,61.212235732592816,0.01748424613698998,[8 9],0.01748424613698998,1,0.01748424613698998,78.4966291026103,0.03561794864046803,[8 9],0.03561794864046803,1,0.03561794864046803,True,198,224,0.7348229885101318,234.43539929389954,-0.022842639593908767,2.0371452312784633,True
198,along_decision_boundary,89.27565682495496,0.00842395998356721,[3 5],0.00842395998356721,1,0.00842395998356721,87.21616016944346,0.15479282080589185,[3 5],0.15479282080589185,1,0.15479282080589185,True,199,225,0.7824440002441406,235.22384190559387,-0.04040404040404048,18.375303433046852,True
199,along_decision_boundary,68.01338813268478,0.30686079329788907,[7 9],0.30686079329788907,1,0.30686079329788907,74.68204482884498,0.15817926452348074,[7 9],0.15817926452348074,1,0.15817926452348074,False,200,226,1.5171804428100586,236.74833607673645,-0.06281407035175877,0.5154756423050962,False
200,along_decision_boundary,73.73953479156967,0.0028551997723253453,[5 7],0.0028551997723253453,1,0.0028551997723253453,89.94999996327618,0.05195620972921382,[5 7],0.05195620972921382,1,0.05195620972921382,True,201,227,1.1293978691101074,237.88873529434204,-0.04000000000000007,18.197048848494198,True
201,along_decision_boundary,87.38857150816989,0.0794854294568166,[2 5],0.0794854294568166,1,0.0794854294568166,84.05187532358735,0.007471042562650408,[2 5],0.007471042562650408,1,0.007471042562650408,False,202,228,0.7295260429382324,238.62725925445557,-0.062189054726368154,0.0939926048548222,False
202,along_decision_boundary,75.38553700560982,0.07507112743699154,[5 7],0.07507112743699154,1,0.07507112743699154,85.12309426727622,0.06063305946918546,[5 7],0.06063305946918546,1,0.06063305946918546,False,203,229,0.6915802955627441,239.32684111595154,-0.039603960396039674,0.8076748217225831,False
203,along_decision_boundary,87.03831001633586,0.04202574440619754,[7 9],0.04202574440619754,1,0.04202574440619754,87.14444668322652,0.07090136614280756,[7 9],0.07090136614280756,1,0.07090136614280756,True,204,230,1.2671563625335693,240.60196590423584,-0.02216748768472901,1.687093640924341,True
204,along_decision_boundary,88.6719498295714,0.013480318920864822,[5 7],0.013480318920864822,1,0.013480318920864822,87.33843268229158,0.032555001541721224,[5 7],0.032555001541721224,1,0.032555001541721224,True,205,231,0.7194094657897949,241.32634162902832,-0.03921568627450997,2.415002325451858,True
205,along_decision_boundary,68.3128512286448,0.04874974212558646,[1 2],0.04874974212558646,1,0.04874974212558646,83.79900405859729,0.08238199327788637,[0 2],0.08238199327788637,1,0.08238199327788637,True,206,232,0.9009387493133545,242.23331356048584,-0.060975609756097664,1.689895980693771,True
206,along_decision_boundary,85.9773969842366,0.3456114530643067,[7 9],0.3456114530643067,1,0.3456114530643067,87.74102351854272,0.3095550945804613,[7 9],0.3095550945804613,1,0.3095550945804613,False,207,233,1.8413147926330566,244.08362770080566,-0.08737864077669895,0.8956737163535594,False
207,along_decision_boundary,84.24479097551452,0.1098109756818744,[3 6],0.1098109756818744,1,0.1098109756818744,88.3786384365942,0.027118563998902438,[3 6],0.027118563998902438,1,0.027118563998902438,False,208,234,1.2303471565246582,245.32001948356628,-0.06038647342995167,0.246956771219898,False
208,along_decision_boundary,78.45811809256723,3.2923001505080336e-06,[0 9],3.2923001505080336e-06,1,3.2923001505080336e-06,85.42209680456457,0.11782404160200644,[1 9],0.11782404160200644,1,0.11782404160200644,True,209,236,0.8918509483337402,246.23521971702576,-0.03846153846153863,35787.75816774332,True
209,along_decision_boundary,56.39246022466071,0.1939465714474561,[0 1],0.1939465714474561,1,0.1939465714474561,60.935294518910275,0.07439775819366963,[0 1],0.07439775819366963,1,0.07439775819366963,False,210,238,1.5458645820617676,250.6327440738678,-0.05980861244019145,0.38359924405173323,False
210,along_decision_boundary,79.1199321877407,0.0378341878324248,[2 6],0.0378341878324248,1,0.0378341878324248,84.87224141144684,0.08252835820902191,[2 6],0.08252835820902191,1,0.08252835820902191,True,211,239,1.1949894428253174,251.83772730827332,-0.038095238095238265,2.1813170293110704,True
211,along_decision_boundary,86.07418378952468,0.04435937937273646,[4 9],0.04435937937273646,1,0.04435937937273646,85.48258068720305,0.09192424819363196,[4 9],0.09192424819363196,1,0.09192424819363196,True,212,240,0.7558643817901611,252.60376262664795,-0.059241706161137546,2.0722618191121303,True
212,along_decision_boundary,84.76126160866396,0.02109869242914314,[3 8],0.02109869242914314,1,0.02109869242914314,81.71523103186325,0.0983993261852773,[3 8],0.0983993261852773,1,0.0983993261852773,True,213,241,1.296903133392334,253.90994262695312,-0.08490566037735844,4.6637641889769705,True
213,along_decision_boundary,88.16980943140777,0.004568709546009262,[2 6],0.004568709546009262,1,0.004568709546009262,83.6526114295421,0.07449345272179218,[2 6],0.07449345272179218,1,0.07449345272179218,True,214,242,0.8943510055541992,254.81329798698425,-0.11502347417840397,16.305140865621834,True
214,along_decision_boundary,80.18990451269055,0.01956700124666673,[5 7],0.01956700124666673,1,0.01956700124666673,84.75139104893722,0.014901280867503933,[5 7],0.014901280867503933,1,0.014901280867503933,False,215,243,0.7646458148956299,255.58843755722046,-0.14953271028037388,0.7615515877805952,False
215,along_decision_boundary,69.53110897269136,0.024272850316374127,[8 9],0.024272850316374127,1,0.024272850316374127,72.19467339252003,0.13879314327953376,[8 9],0.13879314327953376,1,0.13879314327953376,True,216,244,1.1774911880493164,256.7769408226013,-0.11395348837209313,5.718040587343212,True
216,along_decision_boundary,87.40952261395853,0.06433421968886094,[4 8],0.06433421968886094,1,0.06433421968886094,81.87111228118114,0.24357387557923627,[4 8],0.24357387557923627,1,0.24357387557923627,True,217,246,2.050558567047119,258.86296367645264,-0.14814814814814858,3.786070255568974,True
217,along_decision_boundary,86.4391913021363,0.14401829069656136,[2 5],0.14401829069656136,1,0.14401829069656136,69.25591075473353,0.1254863601461747,[2 5],0.1254863601461747,1,0.1254863601461747,False,218,247,1.6929428577423096,260.56285762786865,-0.18663594470046121,0.8713223823116161,False
218,along_decision_boundary,85.91613827855886,0.16639997392152678,[1 8],0.16639997392152678,1,0.16639997392152678,78.50720548359875,4.793913768246162e-06,[0 8],4.793913768246162e-06,1,4.793913768246162e-06,False,219,248,1.006544589996338,261.578405380249,-0.14678899082568808,2.880958244925533e-05,False
219,along_decision_boundary,78.07594605536268,0.007070838332047552,[4 8],0.007070838332047552,1,0.007070838332047552,77.38450654511034,0.06092841433372337,[4 8],0.06092841433372337,1,0.06092841433372337,True,220,249,1.0882885456085205,262.67269349098206,-0.11187214611872183,8.616858634367885,True
220,along_decision_boundary,87.14269630288177,0.04484986204882772,[8 9],0.04484986204882772,1,0.04484986204882772,75.76390620215722,0.058362115796943684,[8 9],0.058362115796943684,1,0.058362115796943684,True,221,250,1.029653787612915,263.7079031467438,-0.14545454545454556,1.301277487395731,True
221,along_decision_boundary,81.94396228473994,0.08621118295403415,[8 9],0.08621118295403415,1,0.08621118295403415,63.45049864915859,0.06635225435133699,[8 9],0.06635225435133699,1,0.06635225435133699,False,222,251,1.078033447265625,264.7949266433716,-0.1832579185520359,0.7696478818381891,False
222,along_decision_boundary,82.9239189435405,0.022945549467287753,[1 6],0.022945549467287753,1,0.022945549467287753,77.91697846812825,0.014489497878242403,[0 6],0.014489497878242403,1,0.014489497878242403,False,223,252,0.7139673233032227,265.51485443115234,-0.14414414414414387,0.6314731272353843,False
223,along_decision_boundary,56.05154348978532,0.014587289314798614,[0 1],0.014587289314798614,1,0.014587289314798614,60.57726324857489,0.1300714368540965,[0 1],0.1300714368540965,1,0.1300714368540965,True,224,253,0.6985368728637695,266.22239804267883,-0.10986547085201778,8.916765414540777,True
224,along_decision_boundary,86.92579385159037,0.1996449107403176,[3 5],0.1996449107403176,1,0.1996449107403176,87.74022658854327,0.18946785777304936,[3 5],0.18946785777304936,1,0.18946785777304936,False,225,254,1.03560209274292,267.26599502563477,-0.14285714285714274,0.9490242304222534,False
225,along_decision_boundary,80.17254261131376,0.010080470691838239,[1 8],0.010080470691838239,1,0.010080470691838239,89.66083380236181,0.06562746887380688,[0 8],0.06562746887380688,1,0.06562746887380688,True,226,258,1.0445582866668701,270.16838335990906,-0.10888888888888874,6.510357589446976,True
226,along_decision_boundary,75.2113793669787,4.130705000428346e-06,[1 2],4.130705000428346e-06,1,4.130705000428346e-06,80.31389392838919,0.10679629100905852,[0 2],0.10679629100905852,1,0.10679629100905852,True,227,260,0.8503737449645996,271.059618473053,-0.14159292035398274,25854.25272392581,True
227,along_decision_boundary,84.42275960324359,0.023704047279562487,[2 7],0.023704047279562487,1,0.023704047279562487,88.39054161499146,0.025321411449795,[2 7],0.025321411449795,1,0.025321411449795,True,228,261,0.876619815826416,271.9422378540039,-0.17841409691629934,1.06823156194204,True
228,along_decision_boundary,73.02154070385677,0.0035031505901381302,[2 5],0.0035031505901381302,1,0.0035031505901381302,86.8450975088722,0.18984020303378984,[2 5],0.18984020303378984,1,0.18984020303378984,True,229,262,1.6550676822662354,273.6032555103302,-0.21929824561403535,54.19127672336358,True
229,along_decision_boundary,81.5826398693635,0.09701006198089768,[2 7],0.09701006198089768,1,0.09701006198089768,87.12328605117925,0.44587317355900763,[2 7],0.44587317355900763,1,0.44587317355900763,True,230,264,1.519019603729248,275.1462821960449,-0.26419213973799127,4.596153888107038,True
230,along_decision_boundary,77.90305487572296,0.11105893069046816,[3 6],0.11105893069046816,1,0.11105893069046816,71.68850636218036,0.04099791046163655,[3 6],0.04099791046163655,1,0.04099791046163655,False,231,265,0.7271668910980225,275.8824450969696,-0.3130434782608699,0.3691545579157577,False
231,along_decision_boundary,86.72844070582568,0.04461027531900786,[1 9],0.04461027531900786,1,0.04461027531900786,63.19639260278643,7.514992758767374e-05,[0 9],7.514992758767374e-05,1,7.514992758767374e-05,False,232,267,1.0428142547607422,276.96097207069397,-0.2619047619047625,0.0016845878455193782,False
232,along_decision_boundary,88.85474658829038,0.026298010731700638,[4 8],0.026298010731700638,1,0.026298010731700638,78.29676320843573,0.04993766887585427,[4 8],0.04993766887585427,1,0.04993766887585427,True,233,268,0.9046320915222168,277.8738317489624,-0.21551724137931064,1.8989143089692893,True
233,along_decision_boundary,78.31156021577156,0.08462055877306394,[3 6],0.08462055877306394,1,0.08462055877306394,80.8645675388377,0.08642212319444958,[3 6],0.08642212319444958,1,0.08642212319444958,True,234,269,0.6699345111846924,278.5527665615082,-0.2596566523605145,1.0212899140292502,True
234,along_decision_boundary,76.48457046392002,0.08930216729753872,[2 7],0.08930216729753872,1,0.08930216729753872,83.53371359284836,0.021615198396443856,[2 7],0.021615198396443856,1,0.021615198396443856,False,235,270,0.639805793762207,279.20057439804077,-0.30769230769230815,0.2420456193904669,False
235,along_decision_boundary,81.6617018324854,0.08335231839259735,[2 6],0.08335231839259735,1,0.08335231839259735,78.73200973185466,0.0012098135812425343,[2 6],0.0012098135812425343,1,0.0012098135812425343,False,236,271,0.6913666725158691,279.90050983428955,-0.25744680851063784,0.014514456281158217,False
236,along_decision_boundary,71.38642034663155,0.012660998357028663,[3 6],0.012660998357028663,1,0.012660998357028663,78.82743246261485,0.2935240766227256,[3 6],0.2935240766227256,1,0.2935240766227256,True,237,272,1.2321276664733887,281.13860177993774,-0.211864406779661,23.183327913456193,True
237,along_decision_boundary,83.78902536520589,0.019488166116125753,[5 7],0.019488166116125753,1,0.019488166116125753,80.76954040548115,0.027220641903610655,[5 7],0.027220641903610655,1,0.027220641903610655,True,238,273,0.7722728252410889,281.9230651855469,-0.2552742616033754,1.3967780108917769,True
238,along_decision_boundary,84.98641533960054,0.06256402444058383,[2 7],0.06256402444058383,1,0.06256402444058383,87.67126905762811,0.20817401172992844,[2 7],0.20817401172992844,1,0.20817401172992844,True,239,274,1.3539116382598877,283.28797459602356,-0.3025210084033619,3.327375653841264,True
239,along_decision_boundary,81.86153120684682,0.02816521657252843,[0 1],0.02816521657252843,1,0.02816521657252843,74.98253918762168,0.04118999548131683,[0 1],0.04118999548131683,1,0.04118999548131683,True,240,275,1.327249526977539,284.6211802959442,-0.3535564853556482,1.4624419938418796,True
240,along_decision_boundary,67.29735687743995,0.09659218714291427,[2 9],0.09659218714291427,1,0.09659218714291427,80.56347317515817,0.08620720122360721,[2 9],0.08620720122360721,1,0.08620720122360721,False,241,276,0.7904398441314697,285.4206130504608,-0.4083333333333335,0.8924862742372547,False
241,along_decision_boundary,87.17406208306481,0.03360494812751224,[1 8],0.03360494812751224,1,0.03360494812751224,71.97168820702778,0.021706286659575195,[0 8],0.021706286659575195,1,0.021706286659575195,False,242,278,0.9540910720825195,287.6404333114624,-0.35062240663900457,0.6459253136535671,False
242,along_decision_boundary,70.61762076829567,0.017209173440586256,[0 9],0.017209173440586256,1,0.017209173440586256,79.04269094001688,0.02636566011576041,[1 9],0.02636566011576041,1,0.02636566011576041,True,243,279,1.2195847034454346,288.86702251434326,-0.29752066115702414,1.5320701024245256,True
243,along_decision_boundary,55.46007990420215,0.03806886172698167,[7 9],0.03806886172698167,1,0.03806886172698167,76.46523735596479,0.5082959915900039,[7 9],0.5082959915900039,1,0.5082959915900039,True,244,281,1.968034029006958,290.874400138855,-0.347736625514403,13.352014442547523,True
244,along_decision_boundary,81.68981623989512,0.05419805680375389,[2 6],0.05419805680375389,1,0.05419805680375389,79.55467663767143,0.11293521768884504,[2 6],0.11293521768884504,1,0.11293521768884504,True,245,282,0.7122273445129395,291.5946042537689,-0.4016393442622944,2.083750310417455,True
245,along_decision_boundary,86.30881715397996,0.059614720883492914,[2 4],0.059614720883492914,1,0.059614720883492914,80.78778535083859,0.13018562171018583,[2 4],0.13018562171018583,1,0.13018562171018583,True,246,283,1.1412761211395264,292.74588227272034,-0.4591836734693871,2.1837831290800143,True
246,along_decision_boundary,85.26363080744659,0.07618813223599498,[2 4],0.07618813223599498,1,0.07618813223599498,86.94211887900066,0.01489209023751869,[2 4],0.01489209023751869,1,0.01489209023751869,False,247,284,0.7830216884613037,293.5339012145996,-0.5203252032520328,0.19546469772208097,False
247,along_decision_boundary,66.80741845969935,0.042665430190240466,[3 5],0.042665430190240466,1,0.042665430190240466,61.23050126497799,0.034293177377529335,[3 5],0.034293177377529335,1,0.034293177377529335,False,248,285,1.1829402446746826,294.7267782688141,-0.4554655870445347,0.8037696379626275,False
248,along_decision_boundary,70.43509281662955,0.051078356166103844,[3 7],0.051078356166103844,1,0.051078356166103844,79.25786503202474,0.04231920101149529,[3 7],0.04231920101149529,1,0.04231920101149529,False,249,286,1.2415056228637695,295.9787018299103,-0.39516129032257996,0.8285153279771907,False
249,along_decision_boundary,66.83235713115985,0.017681799594961717,[0 8],0.017681799594961717,1,0.017681799594961717,82.75424633134587,0.06914564765844489,[0 8],0.06914564765844489,1,0.06914564765844489,True,250,287,1.132908821105957,297.1206111907959,-0.3393574297188753,3.910554878031044,True
250,along_decision_boundary,77.91195923337739,0.0522171954062718,[3 6],0.0522171954062718,1,0.0522171954062718,81.95329692309816,0.018137773868832075,[3 6],0.018137773868832075,1,0.018137773868832075,False,251,288,1.400001049041748,298.53155398368835,-0.3920000000000007,0.3473525096036381,False
251,along_decision_boundary,69.95094599143965,0.022088036162172874,[3 6],0.022088036162172874,1,0.022088036162172874,79.52708984261473,0.1215753294925981,[3 6],0.1215753294925981,1,0.1215753294925981,True,252,289,0.7352144718170166,299.27426171302795,-0.3366533864541827,5.504125790087366,True
252,along_decision_boundary,79.11543840933477,0.08387027514409237,[3 6],0.08387027514409237,1,0.08387027514409237,88.9590049183979,0.055884830990073436,[3 6],0.055884830990073436,1,0.055884830990073436,False,253,290,0.973175048828125,300.2544367313385,-0.38888888888888923,0.666324641168294,False
253,along_decision_boundary,85.42010058794067,0.016435488293404042,[0 7],0.016435488293404042,1,0.016435488293404042,89.15610378088427,0.18493688196453079,[1 7],0.18493688196453079,1,0.18493688196453079,True,254,291,1.500521183013916,301.7649419307709,-0.3339920948616606,11.25229008491037,True
254,along_decision_boundary,79.7594790906451,0.08507895397089486,[5 7],0.08507895397089486,1,0.08507895397089486,76.30380467978117,0.025794331395700136,[5 7],0.025794331395700136,1,0.025794331395700136,False,255,293,1.3029732704162598,303.11132621765137,-0.38582677165354345,0.30318110639353024,False
255,along_decision_boundary,85.6471687452026,0.025775086055763695,[5 7],0.025775086055763695,1,0.025775086055763695,83.06277916534688,0.08477798079857746,[5 7],0.08477798079857746,1,0.08477798079857746,True,256,294,1.2594704627990723,304.37675166130066,-0.3313725490196084,3.2891444325408887,True
256,along_decision_boundary,82.14899928256638,0.07963212832715694,[4 7],0.07963212832715694,1,0.07963212832715694,84.72643941641974,0.014625065102308933,[4 7],0.014625065102308933,1,0.014625065102308933,False,257,295,1.1508638858795166,305.5355751514435,-0.3828125,0.18365784526345943,False
257,along_decision_boundary,81.2564859938521,0.06659452748497971,[4 7],0.06659452748497971,1,0.06659452748497971,85.27201018608301,0.0002191970171042137,[4 7],0.0002191970171042137,1,0.0002191970171042137,False,258,296,0.6482582092285156,306.199360370636,-0.3287937743190667,0.0032915169666704706,False
258,along_decision_boundary,85.5766011015948,0.025689543114277923,[4 7],0.025689543114277923,1,0.025689543114277923,75.00581378186801,0.16881885073652195,[4 7],0.16881885073652195,1,0.16881885073652195,True,259,297,1.604905128479004,307.8126883506775,-0.27906976744186013,6.571500706943074,True
259,along_decision_boundary,82.22780714562951,0.017874958654375953,[8 9],0.017874958654375953,1,0.017874958654375953,80.836165888931,0.024540666764662884,[8 9],0.024540666764662884,1,0.024540666764662884,True,260,298,1.041370153427124,308.8650858402252,-0.3262548262548264,1.372907609979568,True
260,along_decision_boundary,77.88082243268835,0.009148949401540448,[8 9],0.009148949401540448,1,0.009148949401540448,72.89836794743434,0.006069555254508773,[8 9],0.006069555254508773,1,0.006069555254508773,False,261,299,0.9099149703979492,309.78100395202637,-0.37692307692307736,0.6634155451211498,False
261,along_decision_boundary,73.80855883999928,0.04014888863697413,[3 6],0.04014888863697413,1,0.04014888863697413,76.276088263154,0.25295715590432655,[3 6],0.25295715590432655,1,0.25295715590432655,True,262,300,1.0676536560058594,310.8586599826813,-0.32375478927203033,6.300477161187767,True
262,along_decision_boundary,86.15788794201254,0.11144163839714721,[0 1],0.11144163839714721,1,0.11144163839714721,85.69030171354149,0.05781864289432884,[0 1],0.05781864289432884,1,0.05781864289432884,False,263,301,1.290959119796753,312.1606345176697,-0.37404580152671724,0.518824415415351,False
263,along_decision_boundary,76.95895635684269,0.12132044144710319,[3 7],0.12132044144710319,1,0.12132044144710319,74.42908704135166,0.05007183417912942,[3 7],0.05007183417912942,1,0.05007183417912942,False,264,302,1.4114866256713867,313.5781090259552,-0.321292775665399,0.41272380467689934,False
264,along_decision_boundary,70.18047033298063,0.2025558644648151,[3 5],0.2025558644648151,1,0.2025558644648151,74.62157884764436,0.2666641652616163,[3 5],0.2666641652616163,1,0.2666641652616163,True,265,303,1.8967559337615967,315.4864673614502,-0.2727272727272722,1.316496888234688,True
265,along_decision_boundary,82.70978583765196,1.538710815210861e-06,[1 3],1.538710815210861e-06,1,1.538710815210861e-06,87.18914656250254,0.07764584639078623,[0 3],0.07764584639078623,1,0.07764584639078623,True,266,304,0.7512810230255127,316.2488765716553,-0.31886792452830176,50461.623862795714,True
266,along_decision_boundary,69.93654564883298,0.08227075458452504,[3 5],0.08227075458452504,1,0.08227075458452504,78.96811260783164,0.006518801753358954,[3 5],0.006518801753358954,1,0.006518801753358954,False,267,305,0.9636650085449219,317.21755933761597,-0.3684210526315797,0.07923595433492142,False
267,along_decision_boundary,55.737815357188936,0.015221060757413266,[2 7],0.015221060757413266,1,0.015221060757413266,70.67688868486538,0.01042093498430645,[2 7],0.01042093498430645,1,0.01042093498430645,False,268,306,0.9895703792572021,318.2171165943146,-0.3164794007490638,0.6846392081597229,False
268,along_decision_boundary,82.85543742497417,0.05180180942104795,[8 9],0.05180180942104795,1,0.05180180942104795,83.3131665820859,0.04685634625639594,[8 9],0.04685634625639594,1,0.04685634625639594,False,269,308,1.435429573059082,319.69404911994934,-0.26865671641791067,0.9045310729504636,False
269,along_decision_boundary,73.1938030449906,0.20921512462369332,[0 1],0.20921512462369332,1,0.20921512462369332,78.78395913912722,0.04256355889723983,[0 1],0.04256355889723983,1,0.04256355889723983,False,270,309,1.3858880996704102,321.08893179893494,-0.22490706319702625,0.20344398605883376,False
270,along_decision_boundary,73.62416160288466,0.053973727059148616,[0 1],0.053973727059148616,1,0.053973727059148616,68.94607084058647,0.074945743035821,[0 1],0.074945743035821,1,0.074945743035821,True,271,310,1.1307635307312012,322.2296941280365,-0.18518518518518573,1.3885597145012722,True
271,along_decision_boundary,64.97378620330207,0.20373820450691044,[0 1],0.20373820450691044,1,0.20373820450691044,81.33571646771527,0.11618171472267436,[0 1],0.11618171472267436,1,0.11618171472267436,False,272,313,1.379098653793335,323.6674716472626,-0.22324723247232478,0.5702500176825387,False
272,along_decision_boundary,82.31177408281799,0.17849591145922478,[6 9],0.17849591145922478,1,0.17849591145922478,68.69901966042111,0.07586029951205224,[6 9],0.07586029951205224,1,0.07586029951205224,False,273,314,0.6344094276428223,324.30784368515015,-0.18382352941176452,0.42499740689792553,False
273,along_decision_boundary,71.44774366221725,0.006839978107595743,[8 9],0.006839978107595743,1,0.006839978107595743,67.97177623539802,0.04355196381535824,[8 9],0.04355196381535824,1,0.04355196381535824,True,274,315,0.8897626399993896,325.20800495147705,-0.1483516483516483,6.367266551188829,True
274,along_decision_boundary,81.0414923038442,0.04927008805075977,[5 7],0.04927008805075977,1,0.04927008805075977,84.99554421324576,0.00807485162656617,[5 7],0.00807485162656617,1,0.00807485162656617,False,275,316,0.7163546085357666,325.9293005466461,-0.18248175182481707,0.16388953107303514,False
275,along_decision_boundary,50.97105869047737,0.11170865060516495,[5 9],0.11170865060516495,1,0.11170865060516495,60.685266225967716,0.3249954057833232,[5 9],0.3249954057833232,1,0.3249954057833232,True,276,317,1.8563549518585205,327.79172372817993,-0.14727272727272717,2.9093127884251495,True
276,along_decision_boundary,51.77706642949439,0.0623828312869038,[7 8],0.0623828312869038,1,0.0623828312869038,59.48258682942575,0.00021248597743691656,[7 8],0.00021248597743691656,1,0.00021248597743691656,False,277,318,0.8256893157958984,328.6243669986725,-0.18115942028985557,0.0034061611673198346,False
